{
  "detection": {
    "mAP@0.5": 0.6333181818181819,
    "mAP@0.5:0.95": 0.37336765734265737,
    "precision": 1.0,
    "recall": 0.26666666666666666,
    "conf_threshold": 0.5,
    "iou_threshold": 0.45
  },
  "counting": {
    "total_images": 9,
    "mean_absolute_error": 1.5555555555555556,
    "exact_accuracy": 0.0,
    "within_1_accuracy": 55.55555555555556,
    "total_predicted": 5,
    "total_ground_truth": 19,
    "roi_enabled": false,
    "min_area_filter": 500
  },
  "speed": {
    "mean_inference_time_ms": 195.04396120707193,
    "std_inference_time_ms": 17.081154627158945,
    "min_inference_time_ms": 176.3463020324707,
    "max_inference_time_ms": 232.06543922424316,
    "fps": 5.127049275513493,
    "num_samples": 9
  },
  "confusion_matrix": {
    "tp": 6,
    "fp": 0,
    "fn": 13
  }
}